{"cameraMode":{"drawMode":0,"name":"Shaded","section":"Shading Mode"},"sceneLighting":true,"audioPlay":false,"sceneViewState":{"showFog":true,"showMaterialUpdate":false,"showSkybox":false,"showFlares":true,"showImageEffects":true,"showParticleSystems":true},"in2DMode":false,"pivot":{"x":125.04352569580078,"y":-45.920066833496097,"z":90.9617919921875},"rotation":{"x":0.3003736436367035,"y":-0.4162153899669647,"z":0.1478857398033142,"w":0.8453829884529114},"size":232.70443725585938,"orthographic":false}