{"cameraMode":{"drawMode":0,"name":"Shaded","section":"Shading Mode"},"sceneLighting":true,"audioPlay":false,"sceneViewState":{"showFog":true,"showMaterialUpdate":false,"showSkybox":false,"showFlares":true,"showImageEffects":true,"showParticleSystems":true},"in2DMode":false,"pivot":{"x":-0.10512351989746094,"y":-0.09340667724609375,"z":0.0},"rotation":{"x":0.07642003893852234,"y":-0.011964717879891396,"z":0.0009180462220683694,"w":0.9970079064369202},"size":18.15971565246582,"orthographic":false}