{"cameraMode":{"drawMode":0,"name":"Shaded","section":"Shading Mode"},"sceneLighting":true,"audioPlay":false,"sceneViewState":{"showFog":true,"showMaterialUpdate":false,"showSkybox":false,"showFlares":true,"showImageEffects":true,"showParticleSystems":true},"in2DMode":false,"pivot":{"x":0.6755706667900086,"y":-23.460763931274415,"z":2.785249710083008},"rotation":{"x":-0.07925032824277878,"y":-0.8394982814788818,"z":0.5222389698028565,"w":-0.127394437789917},"size":46.8178596496582,"orthographic":false}