{"cameraMode":{"drawMode":0,"name":"Shaded","section":"Shading Mode"},"sceneLighting":true,"audioPlay":false,"sceneViewState":{"showFog":true,"showMaterialUpdate":false,"showSkybox":false,"showFlares":true,"showImageEffects":true,"showParticleSystems":true},"in2DMode":false,"pivot":{"x":-1.9479490518569947,"y":-0.40487056970596316,"z":0.008580127730965615},"rotation":{"x":0.17762838304042817,"y":0.4498732388019562,"z":-0.09180745482444763,"w":0.8704831004142761},"size":5.604202747344971,"orthographic":true}