{"cameraMode":{"drawMode":0,"name":"Shaded","section":"Shading Mode"},"sceneLighting":true,"audioPlay":false,"sceneViewState":{"showFog":true,"showMaterialUpdate":false,"showSkybox":false,"showFlares":true,"showImageEffects":true,"showParticleSystems":true},"in2DMode":false,"pivot":{"x":2.1666688919067385,"y":0.7224090099334717,"z":-0.5587895512580872},"rotation":{"x":0.04947948083281517,"y":0.004494223278015852,"z":-0.0002223342889919877,"w":0.9987680912017822},"size":15.39590835571289,"orthographic":true}