{"cameraMode":{"drawMode":0,"name":"Shaded","section":"Shading Mode"},"sceneLighting":true,"audioPlay":false,"sceneViewState":{"showFog":true,"showMaterialUpdate":false,"showSkybox":false,"showFlares":true,"showImageEffects":true,"showParticleSystems":true},"in2DMode":false,"pivot":{"x":2.883652448654175,"y":-13.561585426330567,"z":-6.258993148803711},"rotation":{"x":0.12839218974113465,"y":0.8499832153320313,"z":-0.44965729117393496,"w":0.2426568567752838},"size":23.99631690979004,"orthographic":false}