{"cameraMode":{"drawMode":0,"name":"Shaded","section":"Shading Mode"},"sceneLighting":true,"audioPlay":false,"sceneViewState":{"showFog":true,"showMaterialUpdate":false,"showSkybox":false,"showFlares":true,"showImageEffects":true,"showParticleSystems":true},"in2DMode":false,"pivot":{"x":3.8499975204467775,"y":3.8499975204467775,"z":0.0},"rotation":{"x":-0.19049783051013947,"y":0.2705487906932831,"z":-0.054698433727025989,"w":-0.9421684145927429},"size":6.115656852722168,"orthographic":false}