{"cameraMode":{"drawMode":0,"name":"Shaded","section":"Shading Mode"},"sceneLighting":true,"audioPlay":false,"sceneViewState":{"showFog":true,"showMaterialUpdate":false,"showSkybox":false,"showFlares":true,"showImageEffects":true,"showParticleSystems":true},"in2DMode":false,"pivot":{"x":-1.9479490518569947,"y":-0.40487056970596316,"z":0.008580127730965615},"rotation":{"x":0.06532591581344605,"y":-0.13726426661014558,"z":0.009073005989193917,"w":0.9883473515510559},"size":5.604202747344971,"orthographic":true}