{"cameraMode":{"drawMode":0,"name":"Shaded","section":"Shading Mode"},"sceneLighting":true,"audioPlay":false,"sceneViewState":{"showFog":true,"showMaterialUpdate":false,"showSkybox":false,"showFlares":true,"showImageEffects":true,"showParticleSystems":true},"in2DMode":false,"pivot":{"x":1.9094722270965577,"y":0.21914651989936829,"z":1.0511466264724732},"rotation":{"x":0.042534030973911288,"y":0.050929490476846698,"z":-0.0021485763136297466,"w":0.9978522062301636},"size":5.400302886962891,"orthographic":true}