{"cameraMode":{"drawMode":0,"name":"Shaded","section":"Shading Mode"},"sceneLighting":true,"audioPlay":false,"sceneViewState":{"showFog":true,"showMaterialUpdate":false,"showSkybox":false,"showFlares":true,"showImageEffects":true,"showParticleSystems":true},"in2DMode":false,"pivot":{"x":278.81927490234377,"y":-112.24036407470703,"z":127.4300537109375},"rotation":{"x":0.18102924525737763,"y":-0.29717129468917849,"z":0.057491105049848559,"w":0.9357569217681885},"size":190.19345092773438,"orthographic":false}