{"cameraMode":{"drawMode":0,"name":"Shaded","section":"Shading Mode"},"sceneLighting":true,"audioPlay":false,"sceneViewState":{"showFog":true,"showMaterialUpdate":false,"showSkybox":false,"showFlares":true,"showImageEffects":true,"showParticleSystems":true},"in2DMode":false,"pivot":{"x":108.56560516357422,"y":-75.63948822021485,"z":44.69060134887695},"rotation":{"x":-0.059113822877407077,"y":0.6658646464347839,"z":-0.05304158106446266,"w":-0.7419267296791077},"size":414.8658142089844,"orthographic":false}