{"cameraMode":{"drawMode":0,"name":"Shaded","section":"Shading Mode"},"sceneLighting":true,"audioPlay":false,"sceneViewState":{"showFog":true,"showMaterialUpdate":false,"showSkybox":false,"showFlares":true,"showImageEffects":true,"showParticleSystems":true},"in2DMode":false,"pivot":{"x":1.4901161193847657e-8,"y":0.0,"z":-1.4901161193847657e-8},"rotation":{"x":0.19635875523090363,"y":-0.3457973897457123,"z":0.07424680888652802,"w":0.9145258069038391},"size":3.9679951667785646,"orthographic":true}