{"cameraMode":{"drawMode":0,"name":"Shaded","section":"Shading Mode"},"sceneLighting":true,"audioPlay":false,"sceneViewState":{"showFog":true,"showMaterialUpdate":false,"showSkybox":false,"showFlares":true,"showImageEffects":true,"showParticleSystems":true},"in2DMode":false,"pivot":{"x":0.41601550579071047,"y":0.20351561903953553,"z":-5.589699745178223},"rotation":{"x":0.0232484620064497,"y":-0.6116688847541809,"z":0.01798669435083866,"w":0.7905734181404114},"size":10.449869155883789,"orthographic":true}