{"cameraMode":{"drawMode":0,"name":"Shaded","section":"Shading Mode"},"sceneLighting":true,"audioPlay":false,"sceneViewState":{"showFog":true,"showMaterialUpdate":false,"showSkybox":false,"showFlares":true,"showImageEffects":true,"showParticleSystems":true},"in2DMode":false,"pivot":{"x":-1.6856179237365723,"y":-0.7817338705062866,"z":-2.954496383666992},"rotation":{"x":-0.19540680944919587,"y":0.44332292675971987,"z":-0.09958475828170777,"w":-0.8692189455032349},"size":8.556319236755371,"orthographic":false}