{"cameraMode":{"drawMode":0,"name":"Shaded","section":"Shading Mode"},"sceneLighting":true,"audioPlay":false,"sceneViewState":{"showFog":true,"showMaterialUpdate":false,"showSkybox":false,"showFlares":true,"showImageEffects":true,"showParticleSystems":true},"in2DMode":false,"pivot":{"x":3.3489928245544435,"y":1.5271146297454835,"z":-5.436111927032471},"rotation":{"x":-0.07199915498495102,"y":0.23391130566596986,"z":-0.01725756749510765,"w":-0.9695212244987488},"size":8.766009330749512,"orthographic":false}