{"cameraMode":{"drawMode":0,"name":"Shaded","section":"Shading Mode"},"sceneLighting":true,"audioPlay":false,"sceneViewState":{"showFog":true,"showMaterialUpdate":false,"showSkybox":false,"showFlares":true,"showImageEffects":true,"showParticleSystems":true},"in2DMode":false,"pivot":{"x":355.74298095703127,"y":-90.81405639648438,"z":209.6242218017578},"rotation":{"x":0.18094280362129212,"y":-0.2985745966434479,"z":0.05776258558034897,"w":0.9353101253509522},"size":269.4738464355469,"orthographic":false}