{"cameraMode":{"drawMode":0,"name":"Shaded","section":"Shading Mode"},"sceneLighting":true,"audioPlay":false,"sceneViewState":{"showFog":true,"showMaterialUpdate":false,"showSkybox":false,"showFlares":true,"showImageEffects":true,"showParticleSystems":true},"in2DMode":false,"pivot":{"x":1.1514739990234376,"y":-8.072052001953125,"z":5.057926654815674},"rotation":{"x":-0.09505971521139145,"y":0.8720071315765381,"z":-0.18751263618469239,"w":-0.44207116961479189},"size":16.49866485595703,"orthographic":false}