{"cameraMode":{"drawMode":0,"name":"Shaded","section":"Shading Mode"},"sceneLighting":true,"audioPlay":false,"sceneViewState":{"showFog":true,"showMaterialUpdate":false,"showSkybox":false,"showFlares":true,"showImageEffects":true,"showParticleSystems":true},"in2DMode":false,"pivot":{"x":0.41601550579071047,"y":0.20351561903953553,"z":-5.589699745178223},"rotation":{"x":0.053454071283340457,"y":-0.4342011511325836,"z":0.02582067809998989,"w":0.8988643288612366},"size":10.365483283996582,"orthographic":true}