{"cameraMode":{"drawMode":0,"name":"Shaded","section":"Shading Mode"},"sceneLighting":true,"audioPlay":false,"sceneViewState":{"showFog":true,"showMaterialUpdate":false,"showSkybox":false,"showFlares":true,"showImageEffects":true,"showParticleSystems":true},"in2DMode":false,"pivot":{"x":-0.8848609924316406,"y":-0.6551055908203125,"z":-4.757126808166504},"rotation":{"x":0.24053813517093659,"y":0.21564319729804994,"z":-0.05490180477499962,"w":0.9447909593582153},"size":11.14255428314209,"orthographic":false}