{"cameraMode":{"drawMode":0,"name":"Shaded","section":"Shading Mode"},"sceneLighting":true,"audioPlay":false,"sceneViewState":{"showFog":true,"showMaterialUpdate":false,"showSkybox":false,"showFlares":true,"showImageEffects":true,"showParticleSystems":true},"in2DMode":false,"pivot":{"x":68.68095397949219,"y":-37.927730560302737,"z":48.79277801513672},"rotation":{"x":-0.19540680944919587,"y":0.44332292675971987,"z":-0.09958475828170777,"w":-0.8692189455032349},"size":53.15199279785156,"orthographic":false}