{"cameraMode":{"drawMode":0,"name":"Shaded","section":"Shading Mode"},"sceneLighting":true,"audioPlay":false,"sceneViewState":{"showFog":true,"showMaterialUpdate":false,"showSkybox":false,"showFlares":true,"showImageEffects":true,"showParticleSystems":true},"in2DMode":false,"pivot":{"x":0.15607622265815736,"y":-0.8764911890029907,"z":-0.4854368269443512},"rotation":{"x":-0.028486788272857667,"y":0.02578291855752468,"z":-0.0007350860396400094,"w":-0.9992644190788269},"size":14.780789375305176,"orthographic":true}