{"cameraMode":{"drawMode":0,"name":"Shaded","section":"Shading Mode"},"sceneLighting":true,"audioPlay":false,"sceneViewState":{"showFog":true,"showMaterialUpdate":false,"showSkybox":false,"showFlares":true,"showImageEffects":true,"showParticleSystems":true},"in2DMode":false,"pivot":{"x":13.892141342163086,"y":-3.2687346935272219,"z":52.76836395263672},"rotation":{"x":0.09297759085893631,"y":-0.6181833148002625,"z":0.07398945838212967,"w":0.7770797610282898},"size":43.97370910644531,"orthographic":true}