{"cameraMode":{"drawMode":0,"name":"Shaded","section":"Shading Mode"},"sceneLighting":true,"audioPlay":false,"sceneViewState":{"showFog":true,"showMaterialUpdate":false,"showSkybox":false,"showFlares":true,"showImageEffects":true,"showParticleSystems":true},"in2DMode":false,"pivot":{"x":2.709906578063965,"y":1.0378844738006592,"z":1.426780104637146},"rotation":{"x":0.07536246627569199,"y":-0.5745022296905518,"z":0.053233496844768527,"w":0.8132950663566589},"size":4.522040367126465,"orthographic":true}