{"cameraMode":{"drawMode":0,"name":"Shaded","section":"Shading Mode"},"sceneLighting":true,"audioPlay":false,"sceneViewState":{"showFog":true,"showMaterialUpdate":false,"showSkybox":false,"showFlares":true,"showImageEffects":true,"showParticleSystems":true},"in2DMode":false,"pivot":{"x":0.0,"y":0.9450654983520508,"z":-2.7892768383026125},"rotation":{"x":0.025419622659683229,"y":-0.33666232228279116,"z":0.009092101827263832,"w":0.941239058971405},"size":7.088107585906982,"orthographic":true}