{"cameraMode":{"drawMode":0,"name":"Shaded","section":"Shading Mode"},"sceneLighting":true,"audioPlay":false,"sceneViewState":{"showFog":true,"showMaterialUpdate":false,"showSkybox":false,"showFlares":true,"showImageEffects":true,"showParticleSystems":true},"in2DMode":false,"pivot":{"x":347.8355712890625,"y":-209.14181518554688,"z":353.93402099609377},"rotation":{"x":-0.17989178001880647,"y":0.47344690561294558,"z":-0.09942648559808731,"w":-0.8565905094146729},"size":449.6148986816406,"orthographic":false}