{"cameraMode":{"drawMode":0,"name":"Shaded","section":"Shading Mode"},"sceneLighting":true,"audioPlay":false,"sceneViewState":{"showFog":true,"showMaterialUpdate":false,"showSkybox":false,"showFlares":true,"showImageEffects":true,"showParticleSystems":true},"in2DMode":false,"pivot":{"x":3.158525228500366,"y":0.16258293390274049,"z":-4.582511901855469},"rotation":{"x":-0.1654919683933258,"y":-0.5515353679656982,"z":0.11275217682123184,"w":-0.8098655343055725},"size":6.56602668762207,"orthographic":false}