{"cameraMode":{"drawMode":0,"name":"Shaded","section":"Shading Mode"},"sceneLighting":true,"audioPlay":false,"sceneViewState":{"showFog":true,"showMaterialUpdate":false,"showSkybox":false,"showFlares":true,"showImageEffects":true,"showParticleSystems":true},"in2DMode":false,"pivot":{"x":0.07217729091644287,"y":0.5656266212463379,"z":-5.241812705993652},"rotation":{"x":0.21472389996051789,"y":0.1646123230457306,"z":-0.03679773211479187,"w":0.9620845913887024},"size":2.0660252571105959,"orthographic":false}