{"cameraMode":{"drawMode":0,"name":"Shaded","section":"Shading Mode"},"sceneLighting":true,"audioPlay":false,"sceneViewState":{"showFog":true,"showMaterialUpdate":false,"showSkybox":false,"showFlares":true,"showImageEffects":true,"showParticleSystems":true},"in2DMode":false,"pivot":{"x":221.1094512939453,"y":45.341697692871097,"z":62.087646484375},"rotation":{"x":0.1404428780078888,"y":-0.1830327808856964,"z":0.02642792835831642,"w":0.9726693034172058},"size":494.660400390625,"orthographic":false}