{"cameraMode":{"drawMode":0,"name":"Shaded","section":"Shading Mode"},"sceneLighting":true,"audioPlay":false,"sceneViewState":{"showFog":true,"showMaterialUpdate":false,"showSkybox":false,"showFlares":true,"showImageEffects":true,"showParticleSystems":true},"in2DMode":false,"pivot":{"x":4.18560791015625,"y":-2.2395131587982179,"z":-10.417434692382813},"rotation":{"x":0.19635875523090363,"y":-0.3457973897457123,"z":0.07424680888652802,"w":0.9145258069038391},"size":45.88141632080078,"orthographic":true}