{"cameraMode":{"drawMode":0,"name":"Shaded","section":"Shading Mode"},"sceneLighting":true,"audioPlay":false,"sceneViewState":{"showFog":true,"showMaterialUpdate":false,"showSkybox":false,"showFlares":true,"showImageEffects":true,"showParticleSystems":true},"in2DMode":false,"pivot":{"x":0.23629224300384522,"y":1.0682085752487183,"z":-7.915328502655029},"rotation":{"x":0.06302759796380997,"y":-0.7526981830596924,"z":0.07261765003204346,"w":0.6513898968696594},"size":1.4660255908966065,"orthographic":false}