{"cameraMode":{"drawMode":0,"name":"Shaded","section":"Shading Mode"},"sceneLighting":true,"audioPlay":false,"sceneViewState":{"showFog":true,"showMaterialUpdate":false,"showSkybox":false,"showFlares":true,"showImageEffects":true,"showParticleSystems":true},"in2DMode":false,"pivot":{"x":0.902268648147583,"y":1.087217926979065,"z":-5.245823383331299},"rotation":{"x":0.015879355370998384,"y":-0.047978442162275317,"z":0.0007605464779771864,"w":0.998737633228302},"size":10.185503005981446,"orthographic":true}