{"cameraMode":{"drawMode":0,"name":"Shaded","section":"Shading Mode"},"sceneLighting":true,"audioPlay":false,"sceneViewState":{"showFog":true,"showMaterialUpdate":false,"showSkybox":false,"showFlares":true,"showImageEffects":true,"showParticleSystems":true},"in2DMode":false,"pivot":{"x":-0.017685329541563989,"y":-0.6670976281166077,"z":-0.08638852089643479},"rotation":{"x":0.07642003893852234,"y":-0.011964717879891396,"z":0.0009180462220683694,"w":0.9970079064369202},"size":6.928013801574707,"orthographic":false}