{"cameraMode":{"drawMode":0,"name":"Shaded","section":"Shading Mode"},"sceneLighting":true,"audioPlay":false,"sceneViewState":{"showFog":true,"showMaterialUpdate":false,"showSkybox":false,"showFlares":true,"showImageEffects":true,"showParticleSystems":true},"in2DMode":false,"pivot":{"x":0.17792536318302155,"y":1.1099092960357667,"z":-7.872629165649414},"rotation":{"x":0.0678790882229805,"y":-0.8537789583206177,"z":0.11485196650028229,"w":0.503410279750824},"size":1.282832145690918,"orthographic":false}