{"cameraMode":{"drawMode":0,"name":"Shaded","section":"Shading Mode"},"sceneLighting":true,"audioPlay":false,"sceneViewState":{"showFog":true,"showMaterialUpdate":false,"showSkybox":false,"showFlares":true,"showImageEffects":true,"showParticleSystems":true},"in2DMode":false,"pivot":{"x":44.449371337890628,"y":-30.341630935668947,"z":65.89102172851563},"rotation":{"x":-0.0811724066734314,"y":0.5580641031265259,"z":-0.054822053760290149,"w":-0.824100911617279},"size":133.6949920654297,"orthographic":false}