{"cameraMode":{"drawMode":0,"name":"Shaded","section":"Shading Mode"},"sceneLighting":true,"audioPlay":false,"sceneViewState":{"showFog":true,"showMaterialUpdate":false,"showSkybox":false,"showFlares":true,"showImageEffects":true,"showParticleSystems":true},"in2DMode":false,"pivot":{"x":190.74978637695313,"y":-34.681182861328128,"z":118.88430786132813},"rotation":{"x":0.18094280362129212,"y":-0.2985745966434479,"z":0.05776258558034897,"w":0.9353101253509522},"size":224.61439514160157,"orthographic":false}