{"cameraMode":{"drawMode":0,"name":"Shaded","section":"Shading Mode"},"sceneLighting":true,"audioPlay":false,"sceneViewState":{"showFog":true,"showMaterialUpdate":false,"showSkybox":false,"showFlares":true,"showImageEffects":true,"showParticleSystems":true},"in2DMode":false,"pivot":{"x":30.004913330078126,"y":-2.9447367191314699,"z":15.380062103271485},"rotation":{"x":-0.09512757509946823,"y":0.28036317229270937,"z":-0.02796873264014721,"w":-0.9548346400260925},"size":14.280261039733887,"orthographic":false}