{"cameraMode":{"drawMode":0,"name":"Shaded","section":"Shading Mode"},"sceneLighting":true,"audioPlay":false,"sceneViewState":{"showFog":true,"showMaterialUpdate":false,"showSkybox":false,"showFlares":true,"showImageEffects":true,"showParticleSystems":true},"in2DMode":false,"pivot":{"x":0.5906206369400024,"y":1.6765576601028443,"z":1.7619932889938355},"rotation":{"x":0.15353649854660035,"y":-0.25477027893066409,"z":0.0410245917737484,"w":0.953870952129364},"size":7.72178316116333,"orthographic":false}