{"cameraMode":{"drawMode":0,"name":"Shaded","section":"Shading Mode"},"sceneLighting":true,"audioPlay":false,"sceneViewState":{"showFog":true,"showMaterialUpdate":false,"showSkybox":false,"showFlares":true,"showImageEffects":true,"showParticleSystems":true},"in2DMode":false,"pivot":{"x":7.865818500518799,"y":6.651254653930664,"z":8.63125991821289},"rotation":{"x":-0.021167149767279626,"y":0.20523647964000703,"z":-0.004304645583033562,"w":-0.9785618782043457},"size":36.83696746826172,"orthographic":false}