{"cameraMode":{"drawMode":0,"name":"Shaded","section":"Shading Mode"},"sceneLighting":true,"audioPlay":false,"sceneViewState":{"showFog":true,"showMaterialUpdate":false,"showSkybox":false,"showFlares":true,"showImageEffects":true,"showParticleSystems":true},"in2DMode":false,"pivot":{"x":-1.1961450576782227,"y":-0.6961449384689331,"z":0.0},"rotation":{"x":-0.07135941833257675,"y":0.32855772972106936,"z":-0.02476445399224758,"w":-0.9415491223335266},"size":6.202919006347656,"orthographic":false}