{"cameraMode":{"drawMode":0,"name":"Shaded","section":"Shading Mode"},"sceneLighting":true,"audioPlay":false,"sceneViewState":{"showFog":true,"showMaterialUpdate":false,"showSkybox":false,"showFlares":true,"showImageEffects":true,"showParticleSystems":true},"in2DMode":false,"pivot":{"x":285.0567932128906,"y":-34.91106414794922,"z":170.98089599609376},"rotation":{"x":-0.16385850310325623,"y":0.271950900554657,"z":-0.04707404971122742,"w":-0.9471706748008728},"size":158.45196533203126,"orthographic":false}