{"cameraMode":{"drawMode":0,"name":"Shaded","section":"Shading Mode"},"sceneLighting":true,"audioPlay":false,"sceneViewState":{"showFog":true,"showMaterialUpdate":false,"showSkybox":false,"showFlares":true,"showImageEffects":true,"showParticleSystems":true},"in2DMode":false,"pivot":{"x":0.04102208837866783,"y":-0.7541837096214294,"z":-3.805286407470703},"rotation":{"x":0.06340870261192322,"y":0.07180323451757431,"z":-0.004402138292789459,"w":0.9954788088798523},"size":5.690402507781982,"orthographic":true}