{"cameraMode":{"drawMode":0,"name":"Shaded","section":"Shading Mode"},"sceneLighting":true,"audioPlay":false,"sceneViewState":{"showFog":true,"showMaterialUpdate":false,"showSkybox":false,"showFlares":true,"showImageEffects":true,"showParticleSystems":true},"in2DMode":false,"pivot":{"x":0.1469496190547943,"y":1.075440526008606,"z":-7.614998817443848},"rotation":{"x":0.055267333984375,"y":-0.7529512047767639,"z":0.06353111565113068,"w":0.6527851819992065},"size":1.1660256385803223,"orthographic":false}