{"cameraMode":{"drawMode":0,"name":"Shaded","section":"Shading Mode"},"sceneLighting":true,"audioPlay":false,"sceneViewState":{"showFog":true,"showMaterialUpdate":false,"showSkybox":false,"showFlares":true,"showImageEffects":true,"showParticleSystems":true},"in2DMode":false,"pivot":{"x":506.9358215332031,"y":-333.5010681152344,"z":450.177490234375},"rotation":{"x":0.18462726473808289,"y":-0.4374554455280304,"z":0.0922791138291359,"w":0.8752344250679016},"size":476.222900390625,"orthographic":false}