{"cameraMode":{"drawMode":0,"name":"Shaded","section":"Shading Mode"},"sceneLighting":true,"audioPlay":false,"sceneViewState":{"showFog":true,"showMaterialUpdate":false,"showSkybox":false,"showFlares":true,"showImageEffects":true,"showParticleSystems":true},"in2DMode":false,"pivot":{"x":0.0,"y":0.9450654983520508,"z":-2.914276599884033},"rotation":{"x":0.12530185282230378,"y":-0.242946594953537,"z":0.031679049134254459,"w":0.9614577293395996},"size":7.138659477233887,"orthographic":true}