{"cameraMode":{"drawMode":0,"name":"Shaded","section":"Shading Mode"},"sceneLighting":true,"audioPlay":false,"sceneViewState":{"showFog":true,"showMaterialUpdate":false,"showSkybox":false,"showFlares":true,"showImageEffects":true,"showParticleSystems":true},"in2DMode":false,"pivot":{"x":2.849735736846924,"y":-0.4788760542869568,"z":-4.031222343444824},"rotation":{"x":0.14986446499824525,"y":0.35186442732810976,"z":-0.05721431225538254,"w":0.9222947955131531},"size":7.002081871032715,"orthographic":false}