{"cameraMode":{"drawMode":0,"name":"Shaded","section":"Shading Mode"},"sceneLighting":true,"audioPlay":false,"sceneViewState":{"showFog":true,"showMaterialUpdate":false,"showSkybox":false,"showFlares":true,"showImageEffects":true,"showParticleSystems":true},"in2DMode":false,"pivot":{"x":1.9094722270965577,"y":0.21914651989936829,"z":1.0511466264724732},"rotation":{"x":0.07196121662855149,"y":-0.12534759938716889,"z":0.009138211607933045,"w":0.9895160794258118},"size":5.400302886962891,"orthographic":true}