{"cameraMode":{"drawMode":0,"name":"Shaded","section":"Shading Mode"},"sceneLighting":true,"audioPlay":false,"sceneViewState":{"showFog":true,"showMaterialUpdate":false,"showSkybox":false,"showFlares":true,"showImageEffects":true,"showParticleSystems":true},"in2DMode":false,"pivot":{"x":-0.19394630193710328,"y":0.5955207347869873,"z":0.8003537654876709},"rotation":{"x":0.015100634656846524,"y":-0.943977415561676,"z":0.3271276354789734,"w":0.042986512184143069},"size":2.4213204383850099,"orthographic":false}