{"cameraMode":{"drawMode":0,"name":"Shaded","section":"Shading Mode"},"sceneLighting":true,"audioPlay":false,"sceneViewState":{"showFog":true,"showMaterialUpdate":false,"showSkybox":false,"showFlares":true,"showImageEffects":true,"showParticleSystems":true},"in2DMode":false,"pivot":{"x":13.39443588256836,"y":-4.144167423248291,"z":4.854275703430176},"rotation":{"x":-0.16945506632328034,"y":0.32215386629104617,"z":-0.058726247400045398,"w":-0.9295917749404907},"size":48.922874450683597,"orthographic":false}