{"cameraMode":{"drawMode":0,"name":"Shaded","section":"Shading Mode"},"sceneLighting":true,"audioPlay":false,"sceneViewState":{"showFog":true,"showMaterialUpdate":false,"showSkybox":false,"showFlares":true,"showImageEffects":true,"showParticleSystems":true},"in2DMode":false,"pivot":{"x":51.16982650756836,"y":22.69247055053711,"z":44.55379104614258},"rotation":{"x":0.19635875523090363,"y":-0.3457973897457123,"z":0.07424680888652802,"w":0.9145258069038391},"size":28.862945556640626,"orthographic":true}