{"cameraMode":{"drawMode":0,"name":"Shaded","section":"Shading Mode"},"sceneLighting":true,"audioPlay":false,"sceneViewState":{"showFog":true,"showMaterialUpdate":false,"showSkybox":false,"showFlares":true,"showImageEffects":true,"showParticleSystems":true},"in2DMode":false,"pivot":{"x":351.88250732421877,"y":-0.29293835163116457,"z":222.44284057617188},"rotation":{"x":-0.12093955278396607,"y":0.18120205402374268,"z":-0.022464383393526079,"w":-0.975811243057251},"size":191.6643524169922,"orthographic":false}